customerid,Customer_Name,Date_of_Birth,City,Country,postal_code,phone,email
1,Mannat Gill,5/27/1980,Kirari Suleman Nagar,India,888192,8326972030,mannat.gill@gmail.com
2,Adah Sant,5/4/1982,Dhanbad,India,744344,7967281830,adah.sant@gmail.com
3,Ela Trivedi,5/15/1994,Sri Ganganagar,India,861354,8551084491,ela.trivedi@gmail.com
4,Rohan Vig,10/13/1993,Ongole,India,901155,7944925408,rohan.vig@gmail.com
5,Amani Sathe,8/18/1973,Kirari Suleman Nagar,India,310257,9307340262,amani.sathe@gmail.com
6,Keya Anand,5/21/1988,Morbi,India,959277,8591830051,keya.anand@gmail.com
7,Emir Halder,5/19/1979,Bihar Sharif,India,93893,7567126482,emir.halder@gmail.com
8,Ehsaan Sant,7/6/1980,Nangloi Jat,India,853248,9148591016,ehsaan.sant@gmail.com
9,Keya Datta,6/30/1981,Dhanbad,India,269169,8903115476,keya.datta@gmail.com
10,Shamik Bakshi,5/2/1992,Allahabad,India,20630,9366082641,shamik.bakshi@gmail.com
11,Umang Kothari,11/19/2000,Vijayawada,India,180295,8109442310,umang.kothari@gmail.com
12,Aaina Sahni,6/24/1979,Gopalpur,India,866110,8436463785,aaina.sahni@gmail.com
13,Uthkarsh Wali,5/3/2000,Avadi,India,51278,8348047964,uthkarsh.wali@gmail.com
14,Divit Raja,6/29/1992,Panchkula,India,743388,9638618796,divit.raja@gmail.com
15,Krish Date,6/23/1987,Singrauli,India,494447,9365629860,krish.date@gmail.com
16,Hunar Dara,1/19/1994,Hospet,India,945669,9102879476,hunar.dara@gmail.com
17,Lakshit Dixit,5/3/1990,Sasaram,India,708643,7068443092,lakshit.dixit@gmail.com
18,Miraan Bandi,3/10/1994,Avadi,India,793034,9499575120,miraan.bandi@gmail.com
19,Tarini Andra,8/18/1990,Mira-Bhayandar,India,154910,7573429670,tarini.andra@gmail.com
20,Taran Bajaj,2/15/1978,Agra,India,408029,8974504095,taran.bajaj@gmail.com
21,Madhup Sachar,8/1/1985,Bhimavaram,India,229341,9760393923,madhup.sachar@gmail.com
22,Eshani Balay,12/26/2001,Baranagar,India,156317,7619967136,eshani.balay@gmail.com
23,Adah Kashyap,1/12/2000,Ulhasnagar,India,912850,9512999322,adah.kashyap@gmail.com
24,Chirag Sura,2/11/1993,Malda,India,377861,9861204926,chirag.sura@gmail.com
25,Faiyaz Banerjee,8/30/1983,Morbi,India,746371,7585948204,faiyaz.banerjee@gmail.com
26,Farhan Choudhary,10/16/1993,Sagar,India,354399,7344874154,farhan.choudhary@gmail.com
27,Lakshit Kala,1/8/1990,Saharsa,India,745061,7999193085,lakshit.kala@gmail.com
28,Rania Rajagopal,6/20/2003,Satna,India,615141,9933405141,rania.rajagopal@gmail.com
29,Nirvi Bala,1/16/1974,Saharsa,India,919807,8701639691,nirvi.bala@gmail.com
30,Yakshit Sethi,2/23/2006,Ghaziabad,India,972514,7621714742,yakshit.sethi@gmail.com
31,Alisha Karnik,2/14/1987,Danapur,India,539297,8790489838,alisha.karnik@gmail.com
32,Abram Tandon,6/22/2003,Vellore,India,60513,9192231258,abram.tandon@gmail.com
33,Navya Jayaraman,1/25/1983,Sasaram,India,128316,7413289908,navya.jayaraman@gmail.com
34,Ivan Jani,3/3/1988,Pali,India,535033,9535352315,ivan.jani@gmail.com
35,Sara Amble,3/24/1977,Secunderabad,India,894066,8956943552,sara.amble@gmail.com
36,Nitara Verma,10/26/1996,Jamnagar,India,255912,8538197390,nitara.verma@gmail.com
37,Lavanya Bhatti,10/15/1986,Gurgaon,India,564886,7271815132,lavanya.bhatti@gmail.com
38,Uthkarsh Mani,10/3/2005,Hyderabad,India,865638,7049802813,uthkarsh.mani@gmail.com
39,Myra Guha,9/19/1999,Mathura,India,925877,7583801418,myra.guha@gmail.com
40,Madhav Yohannan,11/17/1979,Maheshtala,India,242135,9397168004,madhav.yohannan@gmail.com
41,Vihaan Comar,5/8/2001,Tadepalligudem,India,683245,8902845602,vihaan.comar@gmail.com
42,Anahi Sangha,8/14/1985,Begusarai,India,204931,9279469308,anahi.sangha@gmail.com
43,Ayesha Bhakta,10/11/1983,Akola,India,542433,9425833150,ayesha.bhakta@gmail.com
44,Kashvi Dutt,6/15/1996,Mahbubnagar,India,311976,8220045171,kashvi.dutt@gmail.com
45,Aarush Sharma,3/4/1998,Vellore,India,489025,8763275209,aarush.sharma@gmail.com
46,Sumer Sastry,5/14/1988,Ujjain,India,61699,7598540317,sumer.sastry@gmail.com
47,Mishti Sinha,8/22/1982,Thrissur,India,757007,9056483571,mishti.sinha@gmail.com
48,Priyansh Lata,7/18/1990,Ulhasnagar,India,539764,7001755602,priyansh.lata@gmail.com
49,Ela Kunda,10/9/1994,Madanapalle,India,375404,7189305951,ela.kunda@gmail.com
50,Manjari Kalla,8/14/1994,Bokaro,India,441151,8758341135,manjari.kalla@gmail.com
51,Anika Savant,12/26/1998,Nashik,India,885249,8682744422,anika.savant@gmail.com
52,Drishya Lalla,6/10/1994,Ahmedabad,India,217394,8743454114,drishya.lalla@gmail.com
53,Ishaan Bansal,8/25/1982,Machilipatnam,India,522864,9668963070,ishaan.bansal@gmail.com
54,Sara Barad,2/28/1988,Jamshedpur,India,63207,8976040902,sara.barad@gmail.com
55,Arnav Verma,2/7/1981,Berhampore,India,444417,9402135184,arnav.verma@gmail.com
56,Tara Vora,10/6/1984,Loni,India,359789,9779949335,tara.vora@gmail.com
57,Taran Korpal,1/13/1990,Bulandshahr,India,733471,9055385650,taran.korpal@gmail.com
58,Ivan Tiwari,11/4/1976,Muzaffarnagar,India,891758,9662847707,ivan.tiwari@gmail.com
59,Madhup Apte,7/8/1993,Mehsana,India,282833,9537080794,madhup.apte@gmail.com
60,Misha Divan,5/10/1978,Chandrapur,India,506100,8767470628,misha.divan@gmail.com
61,Lakshit Sawhney,9/4/1989,Karnal,India,558977,7241201820,lakshit.sawhney@gmail.com
62,Yakshit Rout,12/28/1994,Delhi,India,105902,9867437300,yakshit.rout@gmail.com
63,Manikya Mallick,3/12/1997,Guwahati,India,167453,9536170741,manikya.mallick@gmail.com
64,Emir Vyas,2/9/1980,Kollam,India,64736,8102548838,emir.vyas@gmail.com
65,Akarsh Kannan,9/7/1984,Tadipatri,India,99378,8777533796,akarsh.kannan@gmail.com
66,Farhan Ramaswamy,8/22/1994,Anantapuram,India,877408,9794089206,farhan.ramaswamy@gmail.com
67,Aarav Ray,3/26/1983,Muzaffarnagar,India,163823,9066246931,aarav.ray@gmail.com
68,Nirvaan Wable,7/11/2001,Sultan Pur Majra,India,999262,8324542447,nirvaan.wable@gmail.com
69,Riya Chad,4/10/1997,Begusarai,India,649990,9860362781,riya.chad@gmail.com
70,Kimaya Hora,3/28/1997,Hindupur,India,28140,7896791371,kimaya.hora@gmail.com
71,Suhana Batra,3/30/1984,Maheshtala,India,94345,7293042722,suhana.batra@gmail.com
72,Anaya Setty,9/8/1990,Chapra,India,529338,9855535624,anaya.setty@gmail.com
73,Faiyaz Shanker,6/16/1996,Chandigarh,India,777861,7446671678,faiyaz.shanker@gmail.com
74,Gokul Rajagopalan,5/25/2002,Kolkata,India,19554,9210161084,gokul.rajagopalan@gmail.com
75,Vidur Ganesh,12/13/1987,Pune,India,805892,8526784288,vidur.ganesh@gmail.com
76,Ojas Bandi,4/12/1975,Maheshtala,India,987151,8984392913,ojas.bandi@gmail.com
77,Dhanuk Chaudhuri,8/26/1997,Udaipur,India,67656,9801259662,dhanuk.chaudhuri@gmail.com
78,Piya Sekhon,5/18/1989,Shivpuri,India,856036,7882010764,piya.sekhon@gmail.com
79,Pranay Subramanian,3/27/1976,Suryapet,India,413431,7247067477,pranay.subramanian@gmail.com
80,Emir Vig,11/26/1994,Kharagpur,India,569538,8828203556,emir.vig@gmail.com
81,Sara Karnik,3/6/2000,Jorhat,India,44083,7818406924,sara.karnik@gmail.com
82,Sana Rout,8/25/2001,Jehanabad,India,545782,8031715457,sana.rout@gmail.com
83,Nirvi Char,3/25/2004,Kottayam,India,475388,8275477699,nirvi.char@gmail.com
84,Anahi Kalita,3/12/1996,Kharagpur,India,488869,9971034276,anahi.kalita@gmail.com
85,Manikya Sehgal,3/26/2001,Yamunanagar,India,261243,9598829780,manikya.sehgal@gmail.com
86,Anya Kara,1/28/1983,Rampur,India,140855,8079536556,anya.kara@gmail.com
87,Tushar Thakkar,3/25/1991,Rohtak,India,981311,7609517369,tushar.thakkar@gmail.com
88,Sahil Dubey,9/27/1983,Raipur,India,42767,7509181830,sahil.dubey@gmail.com
89,Shayak Date,8/12/1976,Dindigul,India,557866,8071618831,shayak.date@gmail.com
90,Sumer Sule,1/17/1997,Tiruppur,India,618853,9110434918,sumer.sule@gmail.com
91,Neelofar Bhardwaj,2/16/1983,Thoothukudi,India,820141,8031436855,neelofar.bhardwaj@gmail.com
92,Sara Saxena,10/14/1989,Serampore,India,234473,7402723866,sara.saxena@gmail.com
93,Onkar Dave,1/14/1974,Bhusawal,India,424870,9849302800,onkar.dave@gmail.com
94,Dharmajan Madan,2/9/2004,Khora ,India,389101,7184820195,dharmajan.madan@gmail.com
95,Umang Krish,2/23/1981,Khandwa,India,252609,9648203408,umang.krish@gmail.com
96,Ahana  Dani,1/23/1988,Madhyamgram,India,837367,8713686075,ahana .dani@gmail.com
97,Indranil Shetty,4/8/1983,Ujjain,India,537696,9017955758,indranil.shetty@gmail.com
98,Saksham Kohli,5/24/1989,Jodhpur,India,356613,7935327899,saksham.kohli@gmail.com
99,Armaan Mannan,9/13/1985,Gurgaon,India,60471,7409140567,armaan.mannan@gmail.com
100,Tarini Khurana,3/23/1991,Khandwa,India,444818,8874354215,tarini.khurana@gmail.com
101,Purab Aurora,9/16/1989,Malda,India,383466,9188618453,purab.aurora@gmail.com
102,Miraya Jani,9/25/1997,Rewa,India,44326,8828756350,miraya.jani@gmail.com
103,Tara Aggarwal,4/1/1994,Giridih,India,737574,8361197256,tara.aggarwal@gmail.com
104,Ivana Dugar,11/30/2005,Rourkela,India,355773,7615843503,ivana.dugar@gmail.com
105,Rasha Lanka,11/14/1982,Fatehpur,India,270272,7694216855,rasha.lanka@gmail.com
106,Shamik Vasa,4/26/1976,Pali,India,535523,9244756197,shamik.vasa@gmail.com
107,Tanya Batra,9/17/1974,Arrah,India,842509,8324403925,tanya.batra@gmail.com
108,Ehsaan Lanka,9/17/2002,Rampur,India,947918,9628919040,ehsaan.lanka@gmail.com
109,Madhup Date,11/22/2002,Jodhpur,India,88310,9283691857,madhup.date@gmail.com
110,Rhea Bala,6/3/1975,Dhanbad,India,31411,9213280011,rhea.bala@gmail.com
111,Vaibhav Tak,4/27/1993,Davanagere,India,419747,8868719840,vaibhav.tak@gmail.com
112,Ehsaan Thaman,5/28/1996,Raiganj,India,67642,9089887718,ehsaan.thaman@gmail.com
113,Kismat Bal,3/1/2002,Sri Ganganagar,India,845754,7706571524,kismat.bal@gmail.com
114,Zaina Kohli,5/21/2000,Bidhannagar,India,766711,8775299990,zaina.kohli@gmail.com
115,Chirag Kanda,3/6/1990,Secunderabad,India,574257,7467734870,chirag.kanda@gmail.com
116,Lakshay Saxena,11/23/1991,Bijapur,India,483565,9674606682,lakshay.saxena@gmail.com
117,Reyansh Sant,8/20/1993,Thrissur,India,967849,8862578393,reyansh.sant@gmail.com
118,Ahana  Karpe,1/11/1976,Bhiwani,India,986915,8421408782,ahana .karpe@gmail.com
119,Mehul Sehgal,12/29/1993,Mangalore,India,424889,9963370819,mehul.sehgal@gmail.com
120,Shanaya Agate,7/22/1976,Loni,India,432150,8016681649,shanaya.agate@gmail.com
121,Suhana Goyal,9/8/1973,Narasaraopet,India,943239,9578214697,suhana.goyal@gmail.com
122,Dishani Dasgupta,12/11/1977,Bidhannagar,India,174385,7814768937,dishani.dasgupta@gmail.com
123,Miraan Baria,10/19/2000,Naihati,India,551319,7614242680,miraan.baria@gmail.com
124,Aaina Aggarwal,2/20/1998,Solapur,India,570383,8853173131,aaina.aggarwal@gmail.com
125,Indrajit Devan,4/23/1984,Bidar,India,462283,7813114607,indrajit.devan@gmail.com
126,Sana Bhatt,11/10/1977,Sambhal,India,196355,7196964379,sana.bhatt@gmail.com
127,Nishith Bhavsar,2/20/1990,Narasaraopet,India,928761,8441520130,nishith.bhavsar@gmail.com
128,Vidur Krishna,6/20/1985,South Dumdum,India,195541,8465384629,vidur.krishna@gmail.com
129,Anay Bumb,6/2/1998,Gandhinagar,India,681082,7527825687,anay.bumb@gmail.com
130,Onkar Kale,10/15/1974,Haldia,India,713524,7455601791,onkar.kale@gmail.com
131,Raghav Kale,7/19/1980,Vellore,India,707538,8810644427,raghav.kale@gmail.com
132,Tiya Doshi,3/31/1985,Surat,India,122811,9546300228,tiya.doshi@gmail.com
133,Zara Chaudhuri,8/22/1983,Kottayam,India,848887,7388598431,zara.chaudhuri@gmail.com
134,Vritika Sangha,5/2/1977,Ahmednagar,India,592108,7229116913,vritika.sangha@gmail.com
135,Rhea Zacharia,5/5/1981,Kumbakonam,India,653073,8810191531,rhea.zacharia@gmail.com
136,Yasmin Venkatesh,2/1/1982,Erode,India,781887,7723366486,yasmin.venkatesh@gmail.com
137,Prisha Varughese,6/20/1992,Pallavaram,India,56712,8306479895,prisha.varughese@gmail.com
138,Riaan Contractor,9/10/2005,Rampur,India,851084,8420123685,riaan.contractor@gmail.com
139,Devansh Chowdhury,11/22/1991,Sultan Pur Majra,India,71256,9860595868,devansh.chowdhury@gmail.com
140,Vritika Divan,8/17/1999,South Dumdum,India,588419,7002171114,vritika.divan@gmail.com
141,Saira Kale,10/6/1975,Guna,India,522841,7136015793,saira.kale@gmail.com
142,Rania Rattan,5/10/2002,Raiganj,India,925409,9731071715,rania.rattan@gmail.com
143,Reyansh Johal,1/2/1997,Chittoor,India,967104,8355192090,reyansh.johal@gmail.com
144,Tanya De,1/16/1980,Katni,India,929634,9146154146,tanya.de@gmail.com
145,Miraya Sahota,4/29/1997,Chandrapur,India,165405,7773579310,miraya.sahota@gmail.com
146,Yakshit Bhavsar,2/19/1999,Dhule,India,644336,7438141799,yakshit.bhavsar@gmail.com
147,Drishya Mann,5/23/1991,Miryalaguda,India,478526,9607506045,drishya.mann@gmail.com
148,Indranil Comar,7/13/1986,Bhalswa Jahangir Pur,India,603020,8217015331,indranil.comar@gmail.com
149,Yasmin Bhavsar,7/19/1992,Jalna,India,285310,8269816735,yasmin.bhavsar@gmail.com
150,Aaina Balay,11/7/1989,Bhatpara,India,441336,7845328332,aaina.balay@gmail.com
151,Kiara Tara,7/19/2003,Farrukhabad,India,593635,7437236362,kiara.tara@gmail.com
152,Armaan Brar,8/20/1987,Bulandshahr,India,514729,9204948245,armaan.brar@gmail.com
153,Ranbir Sha,9/10/1985,Darbhanga,India,250550,7377955148,ranbir.sha@gmail.com
154,Trisha Bhatnagar,12/14/1997,Chapra,India,151787,9071434581,trisha.bhatnagar@gmail.com
155,Amira Sankaran,4/4/1994,Mira-Bhayandar,India,705534,7760572609,amira.sankaran@gmail.com
156,Yasmin Sharma,5/23/1985,Barasat,India,13413,9785307264,yasmin.sharma@gmail.com
157,Madhup Kant,5/23/2000,Amaravati,India,421726,8583075716,madhup.kant@gmail.com
158,Hiran Issac,10/24/2003,Bongaigaon,India,26306,7687079378,hiran.issac@gmail.com
159,Armaan Bhatnagar,11/21/1991,Aurangabad,India,641727,7939064150,armaan.bhatnagar@gmail.com
160,Anvi Mallick,5/17/1985,Bardhaman,India,782009,8124527356,anvi.mallick@gmail.com
161,Ehsaan Kalla,3/16/1993,Vijayanagaram,India,419008,7363091247,ehsaan.kalla@gmail.com
162,Suhana Balay,2/5/1993,Gandhinagar,India,562941,9697325933,suhana.balay@gmail.com
163,Shray Kohli,1/2/1998,Amroha,India,36558,9624096494,shray.kohli@gmail.com
164,Aayush Yohannan,2/21/1985,Raipur,India,401010,7009679990,aayush.yohannan@gmail.com
165,Purab Chahal,12/22/1974,Ongole,India,690140,9113087246,purab.chahal@gmail.com
166,Bhavin Kannan,1/9/2006,Mysore,India,607746,7240686873,bhavin.kannan@gmail.com
167,Kavya Handa,2/12/1976,Arrah,India,156883,8172120449,kavya.handa@gmail.com
168,Eshani Shukla,1/12/1996,Madurai,India,351487,9066948484,eshani.shukla@gmail.com
169,Aniruddh Khurana,9/17/1991,Ambattur,India,131545,8303651730,aniruddh.khurana@gmail.com
170,Manikya Wable,4/12/1976,Dharmavaram,India,552768,8766653489,manikya.wable@gmail.com
171,Mamooty Agate,2/13/1998,Ambarnath,India,39468,9089779736,mamooty.agate@gmail.com
172,Diya D’Alia,5/21/1991,Chittoor,India,237659,8776882654,diya.d’alia@gmail.com
173,Seher Khosla,8/25/1988,Chittoor,India,769636,9802896639,seher.khosla@gmail.com
174,Ishita Sharma,8/16/1985,Srikakulam,India,449479,8772796960,ishita.sharma@gmail.com
175,Madhav Chada,10/8/1973,Pallavaram,India,389758,9323127775,madhav.chada@gmail.com
176,Saira Kapur,4/13/1983,Rampur,India,649416,8838599440,saira.kapur@gmail.com
177,Manikya Dhingra,3/31/1996,Morena,India,121766,9047312295,manikya.dhingra@gmail.com
178,Akarsh Gole,5/18/1990,Jehanabad,India,482338,7738344311,akarsh.gole@gmail.com
179,Anaya Sankar,11/29/1985,Mysore,India,431418,7953344569,anaya.sankar@gmail.com
180,Neysa Bera,1/28/1988,Bareilly,India,974501,7061631965,neysa.bera@gmail.com
181,Kimaya Basu,5/11/1991,Chinsurah,India,198734,8288076677,kimaya.basu@gmail.com
182,Nirvi Varghese,9/26/1979,Nadiad,India,311200,9161965202,nirvi.varghese@gmail.com
183,Yuvraj  Jhaveri,3/11/2001,Srinagar,India,786970,9677054062,yuvraj .jhaveri@gmail.com
184,Divij Chowdhury,6/22/1993,Hapur,India,603351,9251809761,divij.chowdhury@gmail.com
185,Divyansh Agrawal,9/19/1990,Panvel,India,566196,8888012652,divyansh.agrawal@gmail.com
186,Eshani Shankar,5/4/1997,Srinagar,India,387061,9832135698,eshani.shankar@gmail.com
187,Yuvaan Ben,8/31/1995,Ichalkaranji,India,531138,8130193015,yuvaan.ben@gmail.com
188,Farhan Dhingra,11/2/1990,Nangloi Jat,India,781460,9477772696,farhan.dhingra@gmail.com
189,Arnav Varughese,2/14/1982,Secunderabad,India,894012,8987877205,arnav.varughese@gmail.com
190,Zaina Bhalla,5/15/1984,Jehanabad,India,575082,8066487304,zaina.bhalla@gmail.com
191,Keya Gaba,4/29/1990,Bhavnagar,India,10886,9004251044,keya.gaba@gmail.com
192,Manikya Kadakia,9/1/1989,Bidhannagar,India,329810,7035826564,manikya.kadakia@gmail.com
193,Tiya Butala,5/24/1998,Farrukhabad,India,847386,9209266861,tiya.butala@gmail.com
194,Tarini Biswas,4/24/1989,Bangalore,India,133686,9807871092,tarini.biswas@gmail.com
195,Baiju Dhar,9/22/1999,Gaya,India,282828,9183198395,baiju.dhar@gmail.com
196,Manjari Boase,3/2/1997,Coimbatore,India,675437,8754859741,manjari.boase@gmail.com
197,Madhup Kapur,4/20/1979,Navi Mumbai,India,502795,9578674672,madhup.kapur@gmail.com
198,Yashvi Ben,12/18/1975,Raipur,India,736909,7704328728,yashvi.ben@gmail.com
199,Shanaya Sagar,8/31/1991,Tezpur,India,349545,9655349739,shanaya.sagar@gmail.com
200,Faiyaz Kapadia,12/31/2005,Bhatpara,India,305479,9187811730,faiyaz.kapadia@gmail.com
201,Shlok Saran,9/1/1984,Pune,India,159874,8520381930,shlok.saran@gmail.com
202,Shaan Mane,11/12/1984,Moradabad,India,154075,9965499284,shaan.mane@gmail.com
203,Riaan Sengupta,12/25/1987,Etawah,India,153746,7873535101,riaan.sengupta@gmail.com
204,Gokul Rattan,8/4/1976,Hajipur,India,535753,9234345178,gokul.rattan@gmail.com
205,Indrajit Madan,9/3/2002,Karawal Nagar,India,569091,9678560385,indrajit.madan@gmail.com
206,Divit Devan,8/3/1995,Ghaziabad,India,253108,8908662474,divit.devan@gmail.com
207,Lakshay Tandon,6/11/2004,Dehradun,India,842239,8104947426,lakshay.tandon@gmail.com
208,Yuvaan Kalita,4/20/1993,Bijapur,India,664727,9357543680,yuvaan.kalita@gmail.com
209,Samar Deo,10/9/1991,Saharsa,India,623884,8435682974,samar.deo@gmail.com
210,Ranbir Randhawa,7/3/2004,Mehsana,India,453529,8654832038,ranbir.randhawa@gmail.com
211,Samar Hari,5/5/1988,Durg,India,514750,8093636342,samar.hari@gmail.com
212,Madhav Basak,1/14/1990,Sonipat,India,991318,7448112346,madhav.basak@gmail.com
213,Miraya Jayaraman,9/7/2004,Etawah,India,729808,9824455083,miraya.jayaraman@gmail.com
214,Samar Chacko,6/15/1989,Dibrugarh,India,545390,7178470222,samar.chacko@gmail.com
215,Jivin Karpe,1/25/1978,Haldia,India,44038,9385163620,jivin.karpe@gmail.com
216,Shalv Kapur,2/5/1987,Surendranagar Dudhrej,India,602521,9976795126,shalv.kapur@gmail.com
217,Onkar Choudhry,5/24/1997,Tiruppur,India,958801,7360010062,onkar.choudhry@gmail.com
218,Gatik Chander,7/20/1990,Agartala,India,715614,8808200482,gatik.chander@gmail.com
219,Hrishita Chhabra,10/23/1981,Shivpuri,India,852189,7473763702,hrishita.chhabra@gmail.com
220,Umang Batta,1/25/2002,Kochi,India,949969,8800186366,umang.batta@gmail.com
221,Mehul Loke,2/18/1997,Kirari Suleman Nagar,India,582502,8845301995,mehul.loke@gmail.com
222,Umang Sankar,11/6/2005,Coimbatore,India,810705,8999794326,umang.sankar@gmail.com
223,Kiara Sawhney,2/14/1992,Bardhaman,India,87373,8639246929,kiara.sawhney@gmail.com
224,Zara Mann,1/23/1985,Shimoga,India,771230,8370759167,zara.mann@gmail.com
225,Anika Chopra,9/10/1979,Rajpur Sonarpur,India,79339,7449967662,anika.chopra@gmail.com
226,Aaina Rout,9/25/1977,Ajmer,India,917605,8921330507,aaina.rout@gmail.com
227,Hiran Bose,2/28/1999,Meerut,India,367080,9183392190,hiran.bose@gmail.com
228,Siya Sehgal,6/15/1995,Aurangabad,India,505764,9871310691,siya.sehgal@gmail.com
229,Zoya Lad,4/1/1980,Aizawl,India,347582,7239794439,zoya.lad@gmail.com
230,Jayant Kota,11/17/1994,Anantapuram,India,735397,7482736842,jayant.kota@gmail.com
231,Vihaan Sridhar,4/12/1978,Rajkot,India,755144,8483130419,vihaan.sridhar@gmail.com
232,Faiyaz Anne,5/3/1984,Muzaffarnagar,India,582798,9740046956,faiyaz.anne@gmail.com
233,Dharmajan Hayer,5/10/2004,Salem,India,455469,7953409138,dharmajan.hayer@gmail.com
234,Himmat Jani,6/22/1986,New Delhi,India,107970,9107385905,himmat.jani@gmail.com
235,Anahita Krishnan,5/5/1994,Dibrugarh,India,673086,9298848401,anahita.krishnan@gmail.com
236,Samar Srinivasan,2/22/1996,Rourkela,India,390575,8983046161,samar.srinivasan@gmail.com
237,Prerak Shukla,6/16/1989,Nashik,India,462063,7409418751,prerak.shukla@gmail.com
238,Priyansh Chand,1/23/1975,Ambala,India,174053,7803976285,priyansh.chand@gmail.com
239,Samarth Rout,3/28/1987,Kota,India,940853,8638753894,samarth.rout@gmail.com
240,Divyansh Tripathi,5/12/1994,Ujjain,India,969375,9045897140,divyansh.tripathi@gmail.com
241,Diya Deo,4/6/1994,Saharanpur,India,2140,7319313872,diya.deo@gmail.com
242,Nayantara Khosla,7/21/2000,Mathura,India,47792,8054187778,nayantara.khosla@gmail.com
243,Raghav Ranganathan,6/5/1979,Tadipatri,India,407733,7668508983,raghav.ranganathan@gmail.com
244,Gokul Venkatesh,2/16/2005,Madurai,India,975503,9716660941,gokul.venkatesh@gmail.com
245,Indrajit Wable,12/28/1976,Morbi,India,401257,7402916767,indrajit.wable@gmail.com
246,Prisha Badal,6/2/1983,Amaravati,India,683819,7362840812,prisha.badal@gmail.com
247,Vihaan Mandal,3/12/2006,Visakhapatnam,India,567236,8822823779,vihaan.mandal@gmail.com
248,Devansh Choudhry,5/20/1989,Hindupur,India,89620,8018900022,devansh.choudhry@gmail.com
249,Lagan Butala,6/2/1977,Jalandhar,India,627164,8514553539,lagan.butala@gmail.com
250,Amira Chaudhari,11/22/1986,Ramgarh,India,657126,7506263336,amira.chaudhari@gmail.com
251,Uthkarsh Ravi,10/28/1974,Patiala,India,537191,9221009221,uthkarsh.ravi@gmail.com
252,Samaira Hans,3/8/1978,Amroha,India,955127,7683190578,samaira.hans@gmail.com
253,Jayant Tank,1/6/1978,Rajahmundry,India,790769,7841559256,jayant.tank@gmail.com
254,Taimur Balasubramanian,1/9/2004,Nangloi Jat,India,188959,7088142774,taimur.balasubramanian@gmail.com
255,Trisha Gaba,2/2/1982,Chittoor,India,6603,7127430445,trisha.gaba@gmail.com
256,Kaira Chaudhari,11/16/1990,Buxar,India,386675,9608056384,kaira.chaudhari@gmail.com
257,Shlok Vala,2/21/1996,Kalyan-Dombivli,India,112446,9440696080,shlok.vala@gmail.com
258,Nirvaan Dhingra,11/12/1997,Nadiad,India,71293,9121103891,nirvaan.dhingra@gmail.com
259,Vritika Chawla,10/27/1981,Kanpur,India,118670,7644462862,vritika.chawla@gmail.com
260,Indrajit Sunder,11/1/1987,Ramagundam,India,92884,8036016826,indrajit.sunder@gmail.com
261,Abram Mannan,5/6/1996,Noida,India,157401,9670649764,abram.mannan@gmail.com
262,Advik Saha,7/8/1997,Varanasi,India,668981,8501812484,advik.saha@gmail.com
263,Nayantara Kar,7/20/1980,Bongaigaon,India,314645,9430319703,nayantara.kar@gmail.com
264,Navya Kapadia,7/25/1975,Jalgaon,India,292148,8244456660,navya.kapadia@gmail.com
265,Jivika Lad,8/31/1983,Junagadh,India,384173,7721281259,jivika.lad@gmail.com
266,Mahika Raja,9/4/1987,Silchar,India,389498,9970447031,mahika.raja@gmail.com
267,Misha Anand,9/24/1995,Akola,India,766640,9094940920,misha.anand@gmail.com
268,Vaibhav Ram,11/24/1994,Gopalpur,India,234201,8811779118,vaibhav.ram@gmail.com
269,Kanav Viswanathan,6/15/2000,Vadodara,India,863214,7527185799,kanav.viswanathan@gmail.com
270,Taran Kibe,4/22/1978,Panvel,India,569102,9083121611,taran.kibe@gmail.com
271,Lakshay Tripathi,12/19/1992,Kolkata,India,485974,7112065250,lakshay.tripathi@gmail.com
272,Reyansh Yogi,4/24/1976,Siwan,India,663489,9952349035,reyansh.yogi@gmail.com
273,Kanav Dhar,7/3/1986,North Dumdum,India,203899,7746503913,kanav.dhar@gmail.com
274,Eshani Borah,12/1/1988,Panihati,India,702468,7476249406,eshani.borah@gmail.com
275,Fateh Balasubramanian,9/21/1974,Eluru,India,516225,7442725157,fateh.balasubramanian@gmail.com
276,Rania Rattan,9/21/1991,Shahjahanpur,India,790120,8748786866,rania.rattan@gmail.com
277,Anahi Roy,7/29/2000,Ghaziabad,India,463496,9773657861,anahi.roy@gmail.com
278,Jiya Yohannan,9/6/2005,Warangal,India,916251,9589521950,jiya.yohannan@gmail.com
279,Hridaan Sen,7/23/1992,Bihar Sharif,India,631657,9677674250,hridaan.sen@gmail.com
280,Kimaya Kadakia,3/19/2004,Solapur,India,50931,8444726133,kimaya.kadakia@gmail.com
281,Rania Srivastava,7/21/1998,Bettiah,India,999399,7589622879,rania.srivastava@gmail.com
282,Mamooty Lalla,8/12/2003,Sirsa,India,518017,9630931497,mamooty.lalla@gmail.com
283,Bhavin Dixit,9/28/1978,Phusro,India,771940,9698177288,bhavin.dixit@gmail.com
284,Samaira Badami,10/7/1987,Jalandhar,India,322965,8342120743,samaira.badami@gmail.com
285,Hiran Barad,2/9/1987,Dharmavaram,India,397019,9011970208,hiran.barad@gmail.com
286,Kiaan Krishna,6/10/1992,Anand,India,99559,9921511332,kiaan.krishna@gmail.com
287,Dharmajan Mahal,5/6/1974,Bhalswa Jahangir Pur,India,256530,7988975011,dharmajan.mahal@gmail.com
288,Divit Chawla,8/2/2001,Shahjahanpur,India,276336,8340178493,divit.chawla@gmail.com
289,Yasmin Gara,8/2/2004,Bhagalpur,India,592126,7094641549,yasmin.gara@gmail.com
290,Amira Walia,9/1/1987,Raurkela Industrial Township,India,785524,8724117696,amira.walia@gmail.com
291,Prerak Warrior,12/16/1990,Serampore,India,44249,7601811798,prerak.warrior@gmail.com
292,Mishti Sanghvi,10/13/1978,Agra,India,546665,9754698241,mishti.sanghvi@gmail.com
293,Armaan Wali,9/8/1977,Bongaigaon,India,85135,9132672057,armaan.wali@gmail.com
294,Mohanlal Dani,4/22/2000,Firozabad,India,765091,8455159614,mohanlal.dani@gmail.com
295,Ranbir Chaudry,7/18/1999,Chandigarh,India,919809,8700423925,ranbir.chaudry@gmail.com
296,Zain Agate,12/8/1977,Sambalpur,India,157182,7594795066,zain.agate@gmail.com
297,Yakshit Reddy,6/14/1979,Jaipur,India,233290,9872420289,yakshit.reddy@gmail.com
298,Shamik Basu,7/7/1987,Bhatpara,India,343697,9740460960,shamik.basu@gmail.com
299,Shayak Chowdhury,5/22/1975,Dehradun,India,629655,8778654069,shayak.chowdhury@gmail.com
300,Siya Solanki,2/5/1986,Sambalpur,India,352146,9366092552,siya.solanki@gmail.com
301,Khushi Dasgupta,10/7/1993,Chittoor,India,783873,7832490914,khushi.dasgupta@gmail.com
302,Kavya Banik,8/13/1980,Ulhasnagar,India,399431,8995537640,kavya.banik@gmail.com
303,Faiyaz Tella,4/23/2002,Rampur,India,771475,7976604945,faiyaz.tella@gmail.com
304,Samaira Dar,12/16/1996,Ballia,India,87410,9401824620,samaira.dar@gmail.com
305,Aarav Mahal,6/23/1980,Kishanganj,India,115245,8094811822,aarav.mahal@gmail.com
306,Jayant Badal,8/26/2000,Karawal Nagar,India,204845,7063550220,jayant.badal@gmail.com
307,Myra Edwin,6/7/1977,Ludhiana,India,654756,8008347009,myra.edwin@gmail.com
308,Ira Bhandari,3/9/2000,Panchkula,India,106540,9922666931,ira.bhandari@gmail.com
309,Dharmajan Date,3/22/1990,Jodhpur,India,820375,8460562371,dharmajan.date@gmail.com
310,Ishita Iyer,4/26/1992,Tiruvottiyur,India,630851,9963354989,ishita.iyer@gmail.com
311,Jayan Sarin,6/20/1997,Chandrapur,India,752544,7907642812,jayan.sarin@gmail.com
312,Aarna Sehgal,7/3/1974,Yamunanagar,India,373853,9426988873,aarna.sehgal@gmail.com
313,Pari Gaba,9/8/1974,Karawal Nagar,India,83183,7862691834,pari.gaba@gmail.com
314,Nirvaan Sama,5/8/1984,Yamunanagar,India,907205,8659661792,nirvaan.sama@gmail.com
315,Sara Dugar,8/23/1997,Fatehpur,India,152277,9250002138,sara.dugar@gmail.com
316,Inaaya  Gaba,2/18/1982,Nandyal,India,897700,8804775320,inaaya .gaba@gmail.com
317,Pihu Yogi,9/15/2005,Guntakal,India,978737,7707473496,pihu.yogi@gmail.com
318,Shray Shetty,11/10/2003,Howrah,India,552754,8458135943,shray.shetty@gmail.com
319,Vihaan Ranganathan,3/14/1987,Srinagar,India,786025,9845694188,vihaan.ranganathan@gmail.com
320,Shayak Sarin,3/11/1985,Chapra,India,159005,9506149810,shayak.sarin@gmail.com
321,Nitara Dayal,11/5/1986,Amritsar,India,626506,9988132452,nitara.dayal@gmail.com
322,Ehsaan Iyer,2/2/1991,Maheshtala,India,683563,9583198969,ehsaan.iyer@gmail.com
323,Miraan Sankar,9/22/1985,Hyderabad,India,903072,8361133007,miraan.sankar@gmail.com
324,Kabir Saha,8/30/2004,Lucknow,India,635069,8377311456,kabir.saha@gmail.com
325,Kiara Grewal,1/26/1991,Miryalaguda,India,114054,9639815027,kiara.grewal@gmail.com
326,Tushar Andra,8/26/1998,Gorakhpur,India,418826,9786968827,tushar.andra@gmail.com
327,Divit Kashyap,6/5/1995,Bhind,India,961003,7452049550,divit.kashyap@gmail.com
328,Faiyaz Issac,5/12/1987,Orai,India,886036,7217458765,faiyaz.issac@gmail.com
329,Devansh Ranganathan,3/24/1979,Dhanbad,India,973156,8773477730,devansh.ranganathan@gmail.com
330,Farhan Wali,12/28/1991,Kishanganj,India,946778,8899789645,farhan.wali@gmail.com
331,Aradhya Walla,12/18/1977,Sagar,India,99126,7463806498,aradhya.walla@gmail.com
332,Yakshit Dugal,10/17/1981,Deoghar,India,434977,8271038839,yakshit.dugal@gmail.com
333,Sara Kunda,8/15/1990,Akola,India,175311,9787546286,sara.kunda@gmail.com
334,Samaira Sahota,1/5/2000,Bareilly,India,413587,7810279013,samaira.sahota@gmail.com
335,Mehul Upadhyay,8/19/1978,Shahjahanpur,India,865008,7858131278,mehul.upadhyay@gmail.com
336,Aarna Dara,1/6/1979,Chapra,India,962895,8580872962,aarna.dara@gmail.com
337,Ojas Goyal,4/8/1980,Bulandshahr,India,981892,8577312811,ojas.goyal@gmail.com
338,Onkar Mahal,11/1/2000,Jamalpur,India,213463,8976182266,onkar.mahal@gmail.com
339,Trisha Sawhney,8/3/1976,Kanpur,India,596697,9466473793,trisha.sawhney@gmail.com
340,Nishith Raja,11/30/1979,Tiruppur,India,85668,7181844871,nishith.raja@gmail.com
341,Chirag Dass,11/29/1981,Mathura,India,763180,9766979622,chirag.dass@gmail.com
342,Shray Chauhan,5/29/1995,Dhule,India,400814,8145281007,shray.chauhan@gmail.com
343,Anvi Kanda,8/30/1980,Raichur,India,807372,7477561295,anvi.kanda@gmail.com
344,Divyansh Golla,11/4/1999,Bhavnagar,India,973642,7175826349,divyansh.golla@gmail.com
345,Tarini Jayaraman,7/25/1982,Motihari,India,334430,7374186529,tarini.jayaraman@gmail.com
346,Shayak Kohli,3/7/2000,Jamshedpur,India,194013,9003428332,shayak.kohli@gmail.com
347,Emir Manda,1/9/1978,Anantapuram,India,691357,7475182665,emir.manda@gmail.com
348,Pari Bhattacharyya,1/17/2001,Madanapalle,India,206559,8486347027,pari.bhattacharyya@gmail.com
349,Yuvaan Babu,9/25/1992,Udaipur,India,419696,8082328628,yuvaan.babu@gmail.com
350,Kaira Keer,3/13/1992,Yamunanagar,India,969597,9161633258,kaira.keer@gmail.com
351,Kashvi Gokhale,9/23/1983,Maheshtala,India,124668,7278744170,kashvi.gokhale@gmail.com
352,Anvi Krishna,8/1/1993,Kishanganj,India,456537,7292522898,anvi.krishna@gmail.com
353,Heer Shan,11/21/1986,Bhiwandi,India,38716,9006233374,heer.shan@gmail.com
354,Ayesha Shanker,10/1/1984,North Dumdum,India,437674,8454955402,ayesha.shanker@gmail.com
355,Darshit Devan,11/3/1996,Vellore,India,63829,7481590564,darshit.devan@gmail.com
356,Veer Saha,4/28/2004,Salem,India,824400,7667419908,veer.saha@gmail.com
357,Dhruv Devan,7/29/1989,Dehradun,India,56613,7146313815,dhruv.devan@gmail.com
358,Lavanya Babu,7/17/1988,Jalandhar,India,675865,8932962740,lavanya.babu@gmail.com
359,Krish Sama,4/5/1994,Kolkata,India,757116,8443371144,krish.sama@gmail.com
360,Myra Lad,6/28/2001,Tadepalligudem,India,672972,8142979244,myra.lad@gmail.com
361,Ishita Hans,12/22/1997,Jabalpur,India,612346,7237485870,ishita.hans@gmail.com
362,Farhan Bains,1/4/1994,Jabalpur,India,984864,8850097813,farhan.bains@gmail.com
363,Jhanvi Sibal,6/3/1974,Davanagere,India,434909,7433424128,jhanvi.sibal@gmail.com
364,Gatik Toor,8/13/1978,Bhavnagar,India,943164,7846365552,gatik.toor@gmail.com
365,Riya Chacko,9/29/1974,Bettiah,India,233634,8107412221,riya.chacko@gmail.com
366,Urvi Sant,10/4/1993,Fatehpur,India,76547,9185272367,urvi.sant@gmail.com
367,Dhanush Bhakta,2/25/1997,Patna,India,175845,9152521693,dhanush.bhakta@gmail.com
368,Rasha Venkataraman,6/11/1988,Bhusawal,India,681382,7508659710,rasha.venkataraman@gmail.com
369,Riya Bhavsar,4/24/2004,Jalna,India,91786,9215861100,riya.bhavsar@gmail.com
370,Advik Lata,10/5/2002,Farrukhabad,India,291842,8086890425,advik.lata@gmail.com
371,Advik Bhandari,12/4/1975,Jehanabad,India,81346,7679443917,advik.bhandari@gmail.com
372,Priyansh Kohli,8/6/1976,Mira-Bhayandar,India,758891,9691393276,priyansh.kohli@gmail.com
373,Divit Kanda,9/23/2000,Bangalore,India,607995,8275880259,divit.kanda@gmail.com
374,Vidur Dugar,7/26/1998,Vadodara,India,950284,7202768538,vidur.dugar@gmail.com
375,Divit Comar,2/4/1984,Ludhiana,India,889826,7230443255,divit.comar@gmail.com
376,Suhana Din,8/23/2003,Satna,India,540796,7144387784,suhana.din@gmail.com
377,Vedika Chopra,10/17/1996,Raichur,India,786875,8158727974,vedika.chopra@gmail.com
378,Hunar Bala,5/11/2003,Warangal,India,241554,9392958488,hunar.bala@gmail.com
379,Romil Sastry,6/7/1984,Jalgaon,India,390919,8818332744,romil.sastry@gmail.com
380,Khushi Dey,3/23/2003,Yamunanagar,India,725324,9245958747,khushi.dey@gmail.com
381,Mamooty Bala,1/20/1998,Guntur,India,342937,8017333215,mamooty.bala@gmail.com
382,Vihaan Boase,1/11/1988,Guwahati,India,983788,9404406628,vihaan.boase@gmail.com
383,Veer Goda,8/6/1979,Danapur,India,634022,9975764467,veer.goda@gmail.com
384,Ishaan Bahl,11/12/1998,Bongaigaon,India,294853,7685375995,ishaan.bahl@gmail.com
385,Vritika Dhar,12/22/2005,Mathura,India,519508,7618944870,vritika.dhar@gmail.com
386,Shamik Gandhi,12/9/1982,Gangtok,India,78155,9827444990,shamik.gandhi@gmail.com
387,Shalv Bhardwaj,10/14/1999,Agartala,India,816848,9544351101,shalv.bhardwaj@gmail.com
388,Indrans Kala,6/30/1988,Muzaffarnagar,India,294072,9421918711,indrans.kala@gmail.com
389,Purab Bala,2/23/2003,Proddatur,India,928788,7655973580,purab.bala@gmail.com
390,Tushar Saini,3/12/1998,Dharmavaram,India,847482,8094153494,tushar.saini@gmail.com
391,Veer Sengupta,1/1/1988,Anand,India,705475,7286296265,veer.sengupta@gmail.com
392,Prisha Bala,5/13/2005,Anantapur,India,455068,7196646073,prisha.bala@gmail.com
393,Manjari Andra,6/14/1994,Vijayawada,India,472899,9605272268,manjari.andra@gmail.com
394,Aarav Ahuja,7/7/1982,Tirunelveli,India,979049,7734091347,aarav.ahuja@gmail.com
395,Riya Magar,1/13/1987,South Dumdum,India,377246,7862698220,riya.magar@gmail.com
396,Drishya Chaudhry,10/15/1981,Raiganj,India,646292,7248813456,drishya.chaudhry@gmail.com
397,Ela Talwar,1/17/1998,Haridwar,India,663458,9832058351,ela.talwar@gmail.com
398,Diya Ray,10/6/1989,Hosur,India,774701,8943102125,diya.ray@gmail.com
399,Lagan Goda,5/14/1997,Ranchi,India,838818,8884524847,lagan.goda@gmail.com
400,Jayesh Grover,9/19/1979,Chittoor,India,238532,9839270856,jayesh.grover@gmail.com
401,Gatik Wason,3/24/2005,Surendranagar Dudhrej,India,676016,9191916303,gatik.wason@gmail.com
402,Ritvik Raj,12/12/1988,Mangalore,India,210925,9235065007,ritvik.raj@gmail.com
403,Dhanush Wali,4/27/1983,Madanapalle,India,796449,8569810757,dhanush.wali@gmail.com
404,Vihaan Kara,7/6/1998,Gudivada,India,489189,8032805762,vihaan.kara@gmail.com
405,Mamooty Singh,5/21/2004,Tiruppur,India,712355,8493630219,mamooty.singh@gmail.com
406,Hansh Andra,5/10/1977,Ongole,India,947535,7070378868,hansh.andra@gmail.com
407,Aarush Kashyap,5/16/1976,Nangloi Jat,India,515954,7708453822,aarush.kashyap@gmail.com
408,Jayant Keer,6/15/1999,Udaipur,India,250310,8884575590,jayant.keer@gmail.com
409,Amira Sethi,12/24/1998,Guntakal,India,946609,9580508117,amira.sethi@gmail.com
410,Parinaaz Sengupta,12/23/2004,Bardhaman,India,569141,9676092098,parinaaz.sengupta@gmail.com
411,Uthkarsh Bhasin,6/22/1973,Varanasi,India,649320,9474319044,uthkarsh.bhasin@gmail.com
412,Sara Varghese,9/27/1974,Tadepalligudem,India,7509,7424546507,sara.varghese@gmail.com
413,Ranbir Bassi,11/10/2005,South Dumdum,India,526133,8860385082,ranbir.bassi@gmail.com
414,Hazel Srinivasan,11/9/1984,Varanasi,India,217583,9568861108,hazel.srinivasan@gmail.com
415,Nitara Sane,3/13/1997,Jammu,India,864902,8288316965,nitara.sane@gmail.com
416,Indrans Sood,7/3/1995,Bhopal,India,379696,9026950762,indrans.sood@gmail.com
417,Anaya Sundaram,6/3/1996,Maheshtala,India,476012,9748073730,anaya.sundaram@gmail.com
418,Jayant Ramesh,11/6/1994,Noida,India,358669,8769337881,jayant.ramesh@gmail.com
419,Abram Sura,11/13/2003,Secunderabad,India,346561,9684248712,abram.sura@gmail.com
420,Nirvi Koshy,12/17/1996,Kharagpur,India,799249,7042576806,nirvi.koshy@gmail.com
421,Kashvi Shukla,3/25/2005,Purnia,India,440975,8113395454,kashvi.shukla@gmail.com
422,Indrans Agrawal,9/24/1991,Amritsar,India,504438,8363277377,indrans.agrawal@gmail.com
423,Sahil Sarma,6/23/1990,Tirunelveli,India,774250,7182792225,sahil.sarma@gmail.com
424,Nirvaan Borra,12/5/1973,Etawah,India,330920,8063894620,nirvaan.borra@gmail.com
425,Samaira Kaul,4/22/2000,Bettiah,India,38188,9936390682,samaira.kaul@gmail.com
426,Prerak Ghose,1/15/2003,Karimnagar,India,754284,8759999601,prerak.ghose@gmail.com
427,Indrans Sha,6/28/2005,Bharatpur,India,195379,8115934566,indrans.sha@gmail.com
428,Aarav Ghose,9/4/1998,Kottayam,India,137940,8210694682,aarav.ghose@gmail.com
429,Akarsh Yadav,11/7/2005,Chittoor,India,794307,7866834615,akarsh.yadav@gmail.com
430,Eva Wadhwa,4/6/2005,Bilaspur,India,915409,8491022942,eva.wadhwa@gmail.com
431,Kimaya Doctor,5/10/1995,Naihati,India,156195,8853628074,kimaya.doctor@gmail.com
432,Khushi Solanki,8/16/1995,Silchar,India,688532,8309854996,khushi.solanki@gmail.com
433,Saira Grewal,7/28/2004,Chapra,India,740278,8856105573,saira.grewal@gmail.com
434,Reyansh Grover,8/18/2002,Mysore,India,789024,9375472884,reyansh.grover@gmail.com
435,Nirvi Kumer,6/9/1982,Ichalkaranji,India,170872,9509891204,nirvi.kumer@gmail.com
436,Jivika Reddy,8/23/1999,Berhampur,India,561305,8278038390,jivika.reddy@gmail.com
437,Mohanlal Goda,9/22/1996,Jhansi,India,941136,8223104245,mohanlal.goda@gmail.com
438,Rati Agate,3/7/2004,Thoothukudi,India,392398,8667617645,rati.agate@gmail.com
439,Jayesh Talwar,3/1/1982,Silchar,India,900799,8449081477,jayesh.talwar@gmail.com
440,Onkar Varty,6/18/2001,Kolkata,India,612229,9843229154,onkar.varty@gmail.com
441,Navya Vora,10/16/1981,Sambhal,India,697828,9170097677,navya.vora@gmail.com
442,Sumer Vyas,3/1/1989,Ahmedabad,India,943954,8930342631,sumer.vyas@gmail.com
443,Darshit Aggarwal,10/19/1991,Bathinda,India,723707,9003605457,darshit.aggarwal@gmail.com
444,Alisha Bhagat,9/13/1991,Kolhapur,India,531253,8662682308,alisha.bhagat@gmail.com
445,Elakshi Kakar,5/8/1991,Shahjahanpur,India,460427,7191144118,elakshi.kakar@gmail.com
446,Jayan Bhargava,3/6/1996,Arrah,India,80304,7833591756,jayan.bhargava@gmail.com
447,Hrishita Talwar,8/31/1992,Ongole,India,346387,9350432771,hrishita.talwar@gmail.com
448,Inaaya  Aggarwal,4/12/1999,Bulandshahr,India,948214,7243340738,inaaya .aggarwal@gmail.com
449,Dharmajan Lata,7/12/1998,Kakinada,India,504222,9785407585,dharmajan.lata@gmail.com
450,Aniruddh Srinivasan,4/23/1989,Gaya,India,612320,9357387245,aniruddh.srinivasan@gmail.com
451,Biju Dora,3/25/1997,Warangal,India,501294,7988143282,biju.dora@gmail.com
452,Jiya Goda,4/30/1983,Cuttack,India,993327,7051955191,jiya.goda@gmail.com
453,Ranbir Sami,4/23/2003,Tirupati,India,674214,9810821268,ranbir.sami@gmail.com
454,Diya Yogi,11/10/1974,Bharatpur,India,174190,7685766653,diya.yogi@gmail.com
455,Trisha Chaudhry,10/25/1987,Bhusawal,India,105891,8099460523,trisha.chaudhry@gmail.com
456,Indrans Krishna,5/10/1997,Bareilly,India,471325,7360572689,indrans.krishna@gmail.com
457,Nitara Banerjee,5/11/2004,Madhyamgram,India,160353,7209647271,nitara.banerjee@gmail.com
458,Rasha Chadha,6/29/1999,Satna,India,909560,8192221761,rasha.chadha@gmail.com
459,Misha Bhatia,12/7/1984,Varanasi,India,393460,9449657303,misha.bhatia@gmail.com
460,Purab Doshi,3/27/1997,Sangli-Miraj & Kupwad,India,929003,9576041694,purab.doshi@gmail.com
461,Miraya Shukla,12/6/1985,Sagar,India,508725,8871492971,miraya.shukla@gmail.com
462,Kiara Srinivas,5/23/1993,Nagaon,India,442824,7026980756,kiara.srinivas@gmail.com
463,Misha Sehgal,4/7/1977,Burhanpur,India,641048,8035629218,misha.sehgal@gmail.com
464,Gokul Sodhi,2/27/2000,Korba,India,743839,7405004119,gokul.sodhi@gmail.com
465,Samaira Sandal,8/22/1976,Karimnagar,India,887054,7552003561,samaira.sandal@gmail.com
466,Manikya Ganesan,9/10/2002,South Dumdum,India,342601,7434335976,manikya.ganesan@gmail.com
467,Neysa Venkatesh,12/2/1993,Aizawl,India,797281,8889730473,neysa.venkatesh@gmail.com
468,Abram Dhaliwal,1/19/1997,Chittoor,India,811934,7493150583,abram.dhaliwal@gmail.com
469,Aaina Cheema,5/16/2000,Gandhidham,India,393118,9004450144,aaina.cheema@gmail.com
470,Jiya Dugar,11/21/2002,Baranagar,India,879582,8914318784,jiya.dugar@gmail.com
471,Kimaya Gara,11/17/1995,Kadapa,India,589191,7888186749,kimaya.gara@gmail.com
472,Kavya Verma,11/10/1990,Tenali,India,639051,7444361285,kavya.verma@gmail.com
473,Mishti Chakraborty,3/16/2003,Medininagar,India,511264,7881450828,mishti.chakraborty@gmail.com
474,Rati Iyengar,7/29/1985,Mumbai,India,333628,7164303196,rati.iyengar@gmail.com
475,Zain Khosla,11/10/1973,Anantapuram,India,981935,9460342851,zain.khosla@gmail.com
476,Lakshay Wadhwa,10/12/1988,Pimpri-Chinchwad,India,66272,9483907915,lakshay.wadhwa@gmail.com
477,Yashvi Jha,9/21/1975,Hosur,India,738677,8475724935,yashvi.jha@gmail.com
478,Indrajit Vyas,6/16/1991,Unnao,India,867637,8757881681,indrajit.vyas@gmail.com
479,Jayan Gour,10/13/1998,Motihari,India,876655,8960825849,jayan.gour@gmail.com
480,Navya Sarma,7/20/1974,Shivpuri,India,841885,7835963483,navya.sarma@gmail.com
481,Miraya Manne,7/15/1991,Kakinada,India,734852,7446061152,miraya.manne@gmail.com
482,Dhruv Khurana,9/6/1985,Unnao,India,451062,7176714898,dhruv.khurana@gmail.com
483,Divyansh Kar,11/14/1988,Kota,India,753356,8537525752,divyansh.kar@gmail.com
484,Sahil Ramakrishnan,10/2/1996,Alwar,India,943370,9441770116,sahil.ramakrishnan@gmail.com
485,Vivaan Kale,4/9/1978,Nadiad,India,622529,9422237929,vivaan.kale@gmail.com
486,Kavya Loyal,1/19/1983,Warangal,India,980014,9042189880,kavya.loyal@gmail.com
487,Tejas Wable,8/7/1997,Khandwa,India,950729,9135797686,tejas.wable@gmail.com
488,Samar Rajagopal,10/20/1998,Ghaziabad,India,779934,8840626937,samar.rajagopal@gmail.com
489,Bhamini Bhatti,7/1/1976,Jalgaon,India,532620,8564446635,bhamini.bhatti@gmail.com
490,Ela Khalsa,9/8/1973,Karnal,India,966328,8722163053,ela.khalsa@gmail.com
491,Divyansh Vohra,5/3/1994,Shivpuri,India,123058,8867822903,divyansh.vohra@gmail.com
492,Ahana  Rajagopalan,6/21/1975,Darbhanga,India,580595,9735724214,ahana .rajagopalan@gmail.com
493,Khushi Kari,6/20/1988,Ichalkaranji,India,614342,7441359156,khushi.kari@gmail.com
494,Rhea Saini,5/8/1973,Satna,India,564607,9513426805,rhea.saini@gmail.com
495,Kavya Karnik,5/8/1975,Morbi,India,266144,8830972200,kavya.karnik@gmail.com
496,Pari Borah,12/18/1976,Bhiwandi,India,49790,8726387077,pari.borah@gmail.com
497,Rohan Rastogi,11/20/2003,Nangloi Jat,India,800928,9163057635,rohan.rastogi@gmail.com
498,Jivika Shah,1/4/2004,Anantapuram,India,490311,7136336017,jivika.shah@gmail.com
499,Tarini Sundaram,2/12/1986,Dindigul,India,747368,7590812065,tarini.sundaram@gmail.com
500,Charvi Bera,4/7/1980,Munger,India,503244,9864896852,charvi.bera@gmail.com
501,Akarsh Anne,8/21/2001,Mango,India,11636,7437876407,akarsh.anne@gmail.com
502,Hiran Bath,6/1/1978,Singrauli,India,121536,8640137420,hiran.bath@gmail.com
503,Mamooty Setty,1/31/2005,Purnia,India,595009,9241144796,mamooty.setty@gmail.com
504,Oorja Chakrabarti,3/20/1980,Tinsukia,India,535702,8156838835,oorja.chakrabarti@gmail.com
505,Hunar Gopal,6/3/1981,Rajpur Sonarpur,India,705322,7005847723,hunar.gopal@gmail.com
506,Manjari Sha,1/28/2000,Chittoor,India,520876,8379151764,manjari.sha@gmail.com
507,Veer Tripathi,8/21/1984,Phusro,India,649625,7153189820,veer.tripathi@gmail.com
508,Mamooty Sarma,8/8/1974,Kozhikode,India,553761,8113031431,mamooty.sarma@gmail.com
509,Kanav Krish,12/26/1984,Pondicherry,India,889319,9683408350,kanav.krish@gmail.com
510,Rohan Ravel,6/22/1982,Kurnool,India,609159,8727771461,rohan.ravel@gmail.com
511,Indrans Uppal,8/17/1974,Nizamabad,India,779491,7827292851,indrans.uppal@gmail.com
512,Vivaan Sem,4/26/2001,Udupi,India,657712,7666441534,vivaan.sem@gmail.com
513,Dhanush Chandra,8/23/2000,Berhampur,India,284765,7458437072,dhanush.chandra@gmail.com
514,Ira Master,11/19/2000,Singrauli,India,612136,8308503961,ira.master@gmail.com
515,Ryan Sarma,5/8/1997,Dhanbad,India,903292,8971448680,ryan.sarma@gmail.com
516,Himmat Sarna,7/26/1988,Udupi,India,641108,9036157844,himmat.sarna@gmail.com
517,Vardaniya Iyer,2/23/1980,Ulhasnagar,India,117390,7214347969,vardaniya.iyer@gmail.com
518,Ivana Butala,9/1/1980,Alappuzha,India,429666,9861128127,ivana.butala@gmail.com
519,Raghav Sha,2/12/2005,Bhind,India,517939,9964269975,raghav.sha@gmail.com
520,Samarth Ramakrishnan,5/27/1981,Gwalior,India,290557,8311583874,samarth.ramakrishnan@gmail.com
521,Hazel Sarraf,11/30/1998,Warangal,India,723576,9309993143,hazel.sarraf@gmail.com
522,Jhanvi Verma,11/21/1985,Mumbai,India,861646,7904905806,jhanvi.verma@gmail.com
523,Eshani Saha,12/15/1982,Gurgaon,India,453721,9417359523,eshani.saha@gmail.com
524,Indrajit Sarma,6/7/1973,Suryapet,India,745215,7413324950,indrajit.sarma@gmail.com
525,Mohanlal Sachar,10/11/1973,Madhyamgram,India,860772,8416505301,mohanlal.sachar@gmail.com
526,Amira Dugar,7/22/1994,Srinagar,India,74055,8330667736,amira.dugar@gmail.com
527,Yashvi Chanda,3/17/1988,Gaya,India,294728,8008133894,yashvi.chanda@gmail.com
528,Veer Sandal,11/11/1996,Sagar,India,348560,9762822061,veer.sandal@gmail.com
529,Mishti Divan,8/28/1989,Ballia,India,76761,7411042082,mishti.divan@gmail.com
530,Saanvi Sandal,1/5/2003,New Delhi,India,217561,8936284183,saanvi.sandal@gmail.com
531,Lakshay Aurora,9/3/1975,Jorhat,India,988559,7347684837,lakshay.aurora@gmail.com
532,Bhavin Chada,10/5/1984,Korba,India,619595,8227308586,bhavin.chada@gmail.com
533,Mishti Wable,7/17/1974,Kumbakonam,India,804567,8962256083,mishti.wable@gmail.com
534,Suhana Bail,4/18/2004,Bijapur,India,386336,9198677357,suhana.bail@gmail.com
535,Dhruv Raja,9/18/1979,Naihati,India,756221,8421937430,dhruv.raja@gmail.com
536,Umang Sibal,1/14/1984,Moradabad,India,567623,9658594790,umang.sibal@gmail.com
537,Hiran Ghose,9/7/1974,Gopalpur,India,31474,9412539631,hiran.ghose@gmail.com
538,Stuvan Jha,3/24/1990,Kolkata,India,923987,7169897580,stuvan.jha@gmail.com
539,Sahil Goyal,11/29/1996,Tadepalligudem,India,609950,9184000211,sahil.goyal@gmail.com
540,Tushar Soman,8/18/1996,Deoghar,India,854788,8302707914,tushar.soman@gmail.com
541,Badal Kari,9/21/1992,Phusro,India,313410,8790440873,badal.kari@gmail.com
542,Anvi Sur,7/21/2003,Ajmer,India,806746,9467253442,anvi.sur@gmail.com
543,Shlok Desai,5/16/1985,Machilipatnam,India,465679,9141968747,shlok.desai@gmail.com
544,Neysa Swamy,12/16/1989,Chinsurah,India,821463,9941797394,neysa.swamy@gmail.com
545,Miraan Din,11/5/1981,Saharsa,India,421864,8793509459,miraan.din@gmail.com
546,Zara Ramanathan,7/31/1996,Burhanpur,India,613546,7779790799,zara.ramanathan@gmail.com
547,Alia Bir,4/5/1984,Guntakal,India,603449,8510105261,alia.bir@gmail.com
548,Manikya Dixit,10/26/1986,Raipur,India,869729,9959108653,manikya.dixit@gmail.com
549,Vidur Seshadri,1/11/2005,Farrukhabad,India,334208,7791403925,vidur.seshadri@gmail.com
550,Sahil Kamdar,10/10/1988,Baranagar,India,7130,9541629620,sahil.kamdar@gmail.com
551,Adah Dalal,9/25/1985,Karnal,India,927346,8205519447,adah.dalal@gmail.com
552,Vritika Kashyap,4/21/1978,Narasaraopet,India,142499,7394952814,vritika.kashyap@gmail.com
553,Uthkarsh Sengupta,7/20/1979,Chapra,India,993163,9922661634,uthkarsh.sengupta@gmail.com
554,Taran Kapur,3/23/1977,Ahmednagar,India,978170,8112734965,taran.kapur@gmail.com
555,Advik Bir,12/14/1989,Satara,India,561,9896154368,advik.bir@gmail.com
556,Sana Rege,1/7/2003,Udaipur,India,431976,9935636188,sana.rege@gmail.com
557,Heer Lanka,4/2/1989,North Dumdum,India,841027,9960968224,heer.lanka@gmail.com
558,Zaina Kothari,8/23/1977,Rampur,India,145949,9636051316,zaina.kothari@gmail.com
559,Shlok Yadav,5/2/1983,Kanpur,India,109731,8408568816,shlok.yadav@gmail.com
560,Advika Doshi,3/12/1988,Kota,India,584388,7161698579,advika.doshi@gmail.com
561,Aarush Gera,8/27/1991,Rajkot,India,773929,8573735098,aarush.gera@gmail.com
562,Seher Randhawa,6/15/1985,Srikakulam,India,336542,8120006978,seher.randhawa@gmail.com
563,Nirvi Tailor,6/27/2000,Raurkela Industrial Township,India,871627,8190079037,nirvi.tailor@gmail.com
564,Heer D’Alia,7/25/2002,Sagar,India,7236,9114961085,heer.d’alia@gmail.com
565,Lavanya Thakkar,8/18/1995,Vadodara,India,709299,7833904063,lavanya.thakkar@gmail.com
566,Madhup Dugar,4/27/2005,Durg,India,618567,8185708252,madhup.dugar@gmail.com
567,Riaan Jayaraman,4/26/1995,Guntur,India,637967,7470233429,riaan.jayaraman@gmail.com
568,Aaina Som,2/12/1974,Bhiwandi,India,695633,7797829026,aaina.som@gmail.com
569,Nitara Acharya,3/28/2004,Belgaum,India,482066,8887902303,nitara.acharya@gmail.com
570,Parinaaz Dutt,6/3/1987,Kavali,India,217050,9503880548,parinaaz.dutt@gmail.com
571,Yuvaan Borde,3/29/2001,Pallavaram,India,152910,9672771389,yuvaan.borde@gmail.com
572,Samiha Ahuja,5/28/1980,Panihati,India,417928,7468509619,samiha.ahuja@gmail.com
573,Devansh Som,8/13/1980,Hapur,India,419250,9026902286,devansh.som@gmail.com
574,Priyansh Magar,7/15/1977,Guwahati,India,746714,7182865107,priyansh.magar@gmail.com
575,Diya Warrior,6/1/2003,Berhampur,India,411115,9780029189,diya.warrior@gmail.com
576,Reyansh Mallick,6/24/1997,Panchkula,India,710081,7093152616,reyansh.mallick@gmail.com
577,Vardaniya Kuruvilla,9/14/1986,Saharanpur,India,721788,8092722559,vardaniya.kuruvilla@gmail.com
578,Neysa Kala,10/3/1996,Amritsar,India,642432,7864174755,neysa.kala@gmail.com
579,Fateh Sanghvi,8/17/1997,Allahabad,India,777501,9747827399,fateh.sanghvi@gmail.com
580,Jiya Kakar,4/9/1985,Darbhanga,India,570646,8200944952,jiya.kakar@gmail.com
581,Sana Iyengar,1/2/2002,Sikar,India,255518,7110056618,sana.iyengar@gmail.com
582,Hrishita Jani,5/17/1986,Khandwa,India,966631,8551431252,hrishita.jani@gmail.com
583,Manikya Kashyap,12/21/1980,Cuttack,India,969996,8410241279,manikya.kashyap@gmail.com
584,Aarna Bhandari,2/5/2001,Berhampur,India,350391,8517337776,aarna.bhandari@gmail.com
585,Gokul Sami,2/25/1987,Tiruppur,India,106235,7816647138,gokul.sami@gmail.com
586,Hunar Vora,9/26/1983,Berhampore,India,74067,8280626358,hunar.vora@gmail.com
587,Lakshay Tata,11/4/1991,Berhampore,India,72838,8075890991,lakshay.tata@gmail.com
588,Saanvi Gala,5/13/2002,Phagwara,India,634134,7657902594,saanvi.gala@gmail.com
589,Jayan Bali,10/2/2003,Kanpur,India,322654,9870854103,jayan.bali@gmail.com
590,Zain Virk,3/12/1978,Khandwa,India,543563,7643731590,zain.virk@gmail.com
591,Bhavin Bal,2/23/1986,Barasat,India,661567,7402162213,bhavin.bal@gmail.com
592,Aaryahi Bhat,5/24/1990,Bikaner,India,307811,7098826122,aaryahi.bhat@gmail.com
593,Vivaan Walia,9/6/1977,Kollam,India,905842,8737572471,vivaan.walia@gmail.com
594,Nakul Manne,9/5/1985,Orai,India,417722,9952762073,nakul.manne@gmail.com
595,Neelofar Brahmbhatt,5/5/1973,Gorakhpur,India,363618,7110720410,neelofar.brahmbhatt@gmail.com
596,Indrajit Bera,9/16/2002,Sultan Pur Majra,India,83122,9815612408,indrajit.bera@gmail.com
597,Rohan Walla,4/13/1986,Sikar,India,688032,7324253966,rohan.walla@gmail.com
598,Mehul Sanghvi,1/25/2003,Kadapa,India,64192,7438367294,mehul.sanghvi@gmail.com
599,Kiaan Goda,10/27/1982,Thiruvananthapuram,India,230347,7809932033,kiaan.goda@gmail.com
600,Vaibhav Ramaswamy,12/19/1999,Jabalpur,India,733082,9376753830,vaibhav.ramaswamy@gmail.com
